,live 2a1w1c,min 1a1c,pct_less_hs,pct_hs,pct_some_college,pct_college,unemployment_rate_2019,median_household_income_2019,Food,Medical,Housing,Transportation,Civic,Other,Required annual income after taxes,Annual taxes,Required annual income before taxes
mean,3.3496379426968237,3.2522971136273267,3.3106818279876182,3.315784506405063,3.2441772381165137,3.3200065542606434,3.336875478925626,3.3247790702751723,3.354574898204679,3.323270797692038,3.2251102916921996,3.1989728859048188,3.2339417360586156,3.225885997518465,3.101674867665292,3.190105954143372,3.60604557638211
